[
    {
        "anno_attribute_id": 1,
        "content": "file:///home/johnnymusk/Downloads/hackedcredentials.txt",
        "dateAdded": 1727365033859000,
        "expiration": 4,
        "flags": 0,
        "id": 1,
        "lastModified": 1727365033859000,
        "place_id": 23,
        "type": 3
    },
    {
        "anno_attribute_id": 2,
        "content": "{\"state\":1,\"deleted\":false,\"endTime\":1727365033859,\"fileSize\":32110}",
        "dateAdded": 1727365033866000,
        "expiration": 4,
        "flags": 0,
        "id": 2,
        "lastModified": 1727365033866000,
        "place_id": 23,
        "type": 3
    },
    {
        "anno_attribute_id": 1,
        "content": "file:///home/johnnymusk/Downloads/EliteHackingTools-main.zip",
        "dateAdded": 1727367654747000,
        "expiration": 4,
        "flags": 0,
        "id": 3,
        "lastModified": 1727367654747000,
        "place_id": 87,
        "type": 3
    },
    {
        "anno_attribute_id": 2,
        "content": "{\"state\":1,\"deleted\":false,\"endTime\":1727367654741,\"fileSize\":11945}",
        "dateAdded": 1727367654751000,
        "expiration": 4,
        "flags": 0,
        "id": 4,
        "lastModified": 1727367654751000,
        "place_id": 87,
        "type": 3
    }
]