{"__type":"CreateItemJsonRequest:#Exchange","Header":{"__type":"JsonRequestHeaders:#Exchange","RequestServerVersion":"V2018_01_08","TimeZoneContext":{"__type":"TimeZoneContext:#Exchange","TimeZoneDefinition":{"__type":"TimeZoneDefinitionType:#Exchange","Id":"Greenwich Standard Time"}}},"Body":{"__type":"CreateItemRequest:#Exchange","ClientSupportsIrm":true,"ComposeOperation":"newMail","MessageDisposition":"SaveOnly","Items":[{"__type":"Message:#Exchange","BccRecipients":[],"Body":{"BodyType":"HTML","DataUriCount":0,"Value":"<html><head><meta http-equiv=\"Content-Type\" content=\"text/html; charset=UTF-8\"><style type=\"text/css\" style=\"display:none;\"> P {margin-top:0;margin-bottom:0;} </style></head><body dir=\"ltr\"><div style=\"font-family: Aptos, Aptos_EmbeddedFont, Aptos_MSFontService, Calibri, Helvetica, sans-serif; font-size: 12pt; color: rgb(0, 0, 0);\">Dear Rafael,</div><div style=\"font-family: Aptos, Aptos_EmbeddedFont, Aptos_MSFontService, Calibri, Helvetica, sans-serif; font-size: 12pt; color: rgb(0, 0, 0);\"><br></div><div style=\"font-family: Aptos, Aptos_EmbeddedFont, Aptos_MSFontService, Calibri, Helvetica, sans-serif; font-size: 12pt; color: rgb(0, 0, 0);\">I hope this message finds you well. As part of a routine security upgrade across IST’s systems, we’ve identified the need for all users to update their computer drivers to ensure they are safe from the most recent detected threats. This is part of an ongoing effort by DSI to enhance system security at the Taguspark campus.</div><div style=\"font-family: Aptos, Aptos_EmbeddedFont, Aptos_MSFontService, Calibri, Helvetica, sans-serif; font-size: 12pt; color: rgb(0, 0, 0);\"><br></div><div style=\"font-family: Aptos, Aptos_EmbeddedFont, Aptos_MSFontService, Calibri, Helvetica, sans-serif; font-size: 12pt; color: rgb(0, 0, 0);\">The update package is attached to this email.</div><div style=\"font-family: Aptos, Aptos_EmbeddedFont, Aptos_MSFontService, Calibri, Helvetica, sans-serif; font-size: 12pt; color: rgb(0, 0, 0);\"><br></div><div style=\"font-family: Aptos, Aptos_EmbeddedFont, Aptos_MSFontService, Calibri, Helvetica, sans-serif; font-size: 12pt; color: rgb(0, 0, 0);\">This update is urgent as a new virus has come to our attention, and so we ask that you complete it within the next 24 hours to avoid any security breaches.</div><div style=\"font-family: Aptos, Aptos_EmbeddedFont, Aptos_MSFontService, Calibri, Helvetica, sans-serif; font-size: 12pt; color: rgb(0, 0, 0);\"><br></div><div style=\"font-family: Aptos, Aptos_EmbeddedFont, Aptos_MSFontService, Calibri, Helvetica, sans-serif; font-size: 12pt; color: rgb(0, 0, 0);\">If you have any questions, please feel free to contact the DSI support team.</div><div style=\"font-family: Aptos, Aptos_EmbeddedFont, Aptos_MSFontService, Calibri, Helvetica, sans-serif; font-size: 12pt; color: rgb(0, 0, 0);\"><br></div><div style=\"font-family: Aptos, Aptos_EmbeddedFont, Aptos_MSFontService, Calibri, Helvetica, sans-serif; font-size: 12pt; color: rgb(0, 0, 0);\">Thank you for your cooperation.</div><div style=\"font-family: Aptos, Aptos_EmbeddedFont, Aptos_MSFontService, Calibri, Helvetica, sans-serif; font-size: 12pt; color: rgb(0, 0, 0);\"><br></div><div style=\"font-family: Aptos, Aptos_EmbeddedFont, Aptos_MSFontService, Calibri, Helvetica, sans-serif; font-size: 12pt; color: rgb(0, 0, 0);\">Best regards,</div><div style=\"font-family: Aptos, Aptos_EmbeddedFont, Aptos_MSFontService, Calibri, Helvetica, sans-serif; font-size: 12pt; color: rgb(0, 0, 0);\">Ricardo Prado</div><div style=\"font-family: Aptos, Aptos_EmbeddedFont, Aptos_MSFontService, Calibri, Helvetica, sans-serif; font-size: 12pt; color: rgb(0, 0, 0);\">Head of IT Department (DSI)</div><div style=\"font-family: Aptos, Aptos_EmbeddedFont, Aptos_MSFontService, Calibri, Helvetica, sans-serif; font-size: 12pt; color: rgb(0, 0, 0);\">IST Taguspark Campus</div></body></html>"},"CcRecipients":[],"Importance":"Normal","IsDeliveryReceiptRequested":false,"IsReadReceiptRequested":false,"IsSendIndividually":false,"Sensitivity":"Normal","Subject":"Urgent: Immediate Security Update Required for Your Computer Drivers","ToRecipients":[],"appendOnSend":[],"atMentionedRecipients":[],"clpLabelProperty":"","disallowReactions":false,"draftComposeType":"newMail","drawingCanvasElements":[],"internetHeaders":[],"internetHeadersToRemove":[],"isOverridden":false,"isReportedFalsePositive":false,"mailboxInfo":{"mailboxSmtpAddress":"ricardo_prado1986@hotmail.com","sourceId":"DEFDEFDE-FDEF-DEFD-EFDE-FDEFDEFDEFDE-0006BFFD523DB3F9@84df9e7f-e9f6-40af-b435-aaaaaaaaaaaa","type":"UserMailbox","userIdentity":"ricardo_prado1986@hotmail.com"},"operation":"New","overrideJustification":null,"plainText":"","prependOnSend":[],"quotedBodyMissing":false,"recipientsAddedViaAtMention":[],"From":{},"MessageDisposition":"SaveOnly","PendingSocialActivityTagIds":[],"ShouldIgnoreChangeKey":true,"ExtendedProperty":[{"__type":"ExtendedPropertyType:#Exchange","ExtendedFieldURI":{"__type":"ExtendedPropertyUri:#Exchange","PropertyName":"msip_labels","DistinguishedPropertySetId":"InternetHeaders","PropertyType":"String"},"Value":""},{"__type":"ExtendedPropertyType:#Exchange","Value":"newMail","ExtendedFieldURI":{"__type":"ExtendedPropertyUri:#Exchange","DistinguishedPropertySetId":"Common","PropertyName":"ComposeType","PropertyType":"String"}},{"__type":"ExtendedPropertyType:#Exchange","Value":"[]","ExtendedFieldURI":{"__type":"ExtendedPropertyUri:#Exchange","PropertyName":"DrawingCanvasElements","DistinguishedPropertySetId":"Common","PropertyType":"String"}}]}],"TimeFormat":"h:mm tt","SendOnNotFoundError":true,"RemoteExecute":false,"ItemShape":{"__type":"ItemResponseShape:#Exchange","BaseShape":"IdOnly","ClientSupportsIrm":true,"FilterHtmlContent":true,"InlineImageCustomDataTemplate":"{id}","InlineImageUrlOnLoadTemplate":"","InlineImageUrlTemplate":"data:image/gif;base64,R0lGODlhAQABAIAAAAAAAP///yH5BAEAAAEALAAAAAABAAEAAAIBTAA7","AdditionalProperties":[{"__type":"PropertyUri:#Exchange","FieldURI":"ItemLastModifiedTime"},{"__type":"ExtendedPropertyUri:#Exchange","PropertyName":"suggested_attachment_session_id","DistinguishedPropertySetId":"InternetHeaders","PropertyType":"String"},{"__type":"ExtendedPropertyUri:#Exchange","PropertyName":"DrawingCanvasElements","DistinguishedPropertySetId":"Common","PropertyType":"String"}],"BlockExternalImagesIfSenderUntrusted":true,"BodyType":"HTML","ImageProxyCapability":"None"},"OutboundCharset":"AutoDetect","UseGB18030":false,"UseISO885915":false,"ShapeName":"MailCompose"}}