{"type":0,"content":"I managed to access Virgolino\u2019s computer and found some shady things. There is a bank statement with a weird transaction for a \"MKU-2784\"; I searched for it and seems to be linked to mind control!","mentions":[],"mention_roles":[],"attachments":[],"embeds":[],"timestamp":"2024-10-09T20:57:54.571000+00:00","edited_timestamp":null,"flags":0,"components":[],"id":"1293678855621447681","channel_id":"1292849138425270284","author":{"id":"1292847853449777208","username":"miguistar_58253","avatar":null,"discriminator":"0","public_flags":0,"flags":0,"banner":null,"accent_color":null,"global_name":"Miguel","avatar_decoration_data":null,"banner_color":null,"clan":null},"pinned":false,"mention_everyone":false,"tts":false,"nonce":"1293678854509953024"}
