{"type":0,"content":"I'll try to see if I can get something from Rafael as well","mentions":[],"mention_roles":[],"attachments":[],"embeds":[],"timestamp":"2024-10-09T20:59:50.860000+00:00","edited_timestamp":null,"flags":0,"components":[],"id":"1293679343373123615","channel_id":"1292849138425270284","author":{"id":"1292847853449777208","username":"miguistar_58253","avatar":null,"discriminator":"0","public_flags":0,"flags":0,"banner":null,"accent_color":null,"global_name":"Miguel","avatar_decoration_data":null,"banner_color":null,"clan":null},"pinned":false,"mention_everyone":false,"tts":false,"nonce":"1293679342324285440"}
