[{"type":0,"content":"This whole thing is very weird.","mentions":[],"mention_roles":[],"attachments":[],"embeds":[],"timestamp":"2024-10-08T10:03:22.432000+00:00","edited_timestamp":null,"flags":0,"components":[],"id":"1293151748466409534","channel_id":"1292849138425270284","author":{"id":"1292595568664641617","username":"diogo_caseiro_226","avatar":null,"discriminator":"0","public_flags":0,"flags":0,"banner":null,"accent_color":null,"global_name":"Diogo Caseiro","avatar_decoration_data":null,"banner_color":null,"clan":null},"pinned":false,"mention_everyone":false,"tts":false},{"type":0,"content":"Good luck man!","mentions":[],"mention_roles":[],"attachments":[],"embeds":[],"timestamp":"2024-10-08T10:03:16.981000+00:00","edited_timestamp":null,"flags":0,"components":[],"id":"1293151725603127388","channel_id":"1292849138425270284","author":{"id":"1292595568664641617","username":"diogo_caseiro_226","avatar":null,"discriminator":"0","public_flags":0,"flags":0,"banner":null,"accent_color":null,"global_name":"Diogo Caseiro","avatar_decoration_data":null,"banner_color":null,"clan":null},"pinned":false,"mention_everyone":false,"tts":false},{"type":0,"content":"Well, tonight I\u2019m going to try to take a look at Virgolino\u2019s computer. He usually leaves it on when he leaves at night, for some reason. See you.","mentions":[],"mention_roles":[],"attachments":[],"embeds":[],"timestamp":"2024-10-08T10:03:09.458000+00:00","edited_timestamp":null,"flags":0,"components":[],"id":"1293151694049251411","channel_id":"1292849138425270284","author":{"id":"1292847853449777208","username":"miguistar_58253","avatar":null,"discriminator":"0","public_flags":0,"flags":0,"banner":null,"accent_color":null,"global_name":"Miguel","avatar_decoration_data":null,"banner_color":null,"clan":null},"pinned":false,"mention_everyone":false,"tts":false},{"type":0,"content":"Good point\u2026 This is all becoming very suspicious.","mentions":[],"mention_roles":[],"attachments":[],"embeds":[],"timestamp":"2024-10-08T10:02:56.284000+00:00","edited_timestamp":null,"flags":0,"components":[],"id":"1293151638793486398","channel_id":"1292849138425270284","author":{"id":"1292847853449777208","username":"miguistar_58253","avatar":null,"discriminator":"0","public_flags":0,"flags":0,"banner":null,"accent_color":null,"global_name":"Miguel","avatar_decoration_data":null,"banner_color":null,"clan":null},"pinned":false,"mention_everyone":false,"tts":false},{"type":0,"content":"Remember the legionella cases?","mentions":[],"mention_roles":[],"attachments":[],"embeds":[],"timestamp":"2024-10-08T10:02:44.713000+00:00","edited_timestamp":null,"flags":0,"components":[],"id":"1293151590261194754","channel_id":"1292849138425270284","author":{"id":"1292595568664641617","username":"diogo_caseiro_226","avatar":null,"discriminator":"0","public_flags":0,"flags":0,"banner":null,"accent_color":null,"global_name":"Diogo Caseiro","avatar_decoration_data":null,"banner_color":null,"clan":null},"pinned":false,"mention_everyone":false,"tts":false},{"type":0,"content":"I don\u2019t think anything has changed, if anything, people should be coming here less.","mentions":[],"mention_roles":[],"attachments":[],"embeds":[],"timestamp":"2024-10-08T10:02:37.972000+00:00","edited_timestamp":null,"flags":0,"components":[],"id":"1293151561987522593","channel_id":"1292849138425270284","author":{"id":"1292595568664641617","username":"diogo_caseiro_226","avatar":null,"discriminator":"0","public_flags":0,"flags":0,"banner":null,"accent_color":null,"global_name":"Diogo Caseiro","avatar_decoration_data":null,"banner_color":null,"clan":null},"pinned":false,"mention_everyone":false,"tts":false},{"type":0,"content":"Do you have any ideas of what it might be?","mentions":[],"mention_roles":[],"attachments":[],"embeds":[],"timestamp":"2024-10-08T10:02:32.145000+00:00","edited_timestamp":null,"flags":0,"components":[],"id":"1293151537547182132","channel_id":"1292849138425270284","author":{"id":"1292847853449777208","username":"miguistar_58253","avatar":null,"discriminator":"0","public_flags":0,"flags":0,"banner":null,"accent_color":null,"global_name":"Miguel","avatar_decoration_data":null,"banner_color":null,"clan":null},"pinned":false,"mention_everyone":false,"tts":false},{"type":0,"content":"Yeah, it doesn\u2019t seem related to anything, at least that I know of.","mentions":[],"mention_roles":[],"attachments":[],"embeds":[],"timestamp":"2024-10-08T10:02:23.543000+00:00","edited_timestamp":null,"flags":0,"components":[],"id":"1293151501467910204","channel_id":"1292849138425270284","author":{"id":"1292847853449777208","username":"miguistar_58253","avatar":null,"discriminator":"0","public_flags":0,"flags":0,"banner":null,"accent_color":null,"global_name":"Miguel","avatar_decoration_data":null,"banner_color":null,"clan":null},"pinned":false,"mention_everyone":false,"tts":false},{"type":0,"content":"So it\u2019s real\u2026 people really have been going to restaurants in Oeiras more often, it\u2019s not just here at Pombalino too.","mentions":[],"mention_roles":[],"attachments":[],"embeds":[],"timestamp":"2024-10-08T10:02:01.048000+00:00","edited_timestamp":null,"flags":0,"components":[],"id":"1293151407117041664","channel_id":"1292849138425270284","author":{"id":"1292595568664641617","username":"diogo_caseiro_226","avatar":null,"discriminator":"0","public_flags":0,"flags":0,"banner":null,"accent_color":null,"global_name":"Diogo Caseiro","avatar_decoration_data":null,"banner_color":null,"clan":null},"pinned":false,"mention_everyone":false,"tts":false},{"type":0,"content":"","mentions":[],"mention_roles":[],"attachments":[{"id":"1293151229949644820","filename":"report.pdf","size":144792,"url":"https://cdn.discordapp.com/attachments/1292849138425270284/1293151229949644820/report.pdf?ex=6707a5ee&is=6706546e&hm=6d5652c44287556460db920d54ca8a5a94a16e4668ac0c4ff254f4d574b62cff&","proxy_url":"https://media.discordapp.net/attachments/1292849138425270284/1293151229949644820/report.pdf?ex=6707a5ee&is=6706546e&hm=6d5652c44287556460db920d54ca8a5a94a16e4668ac0c4ff254f4d574b62cff&","content_type":"application/pdf","content_scan_version":0}],"embeds":[],"timestamp":"2024-10-08T10:01:18.821000+00:00","edited_timestamp":null,"flags":0,"components":[],"id":"1293151230004035597","channel_id":"1292849138425270284","author":{"id":"1292847853449777208","username":"miguistar_58253","avatar":null,"discriminator":"0","public_flags":0,"flags":0,"banner":null,"accent_color":null,"global_name":"Miguel","avatar_decoration_data":null,"banner_color":null,"clan":null},"pinned":false,"mention_everyone":false,"tts":false},{"type":0,"content":"Anyways, I did some research online about it and I found this DECO report, take a look at it.","mentions":[],"mention_roles":[],"attachments":[],"embeds":[],"timestamp":"2024-10-08T10:01:04.968000+00:00","edited_timestamp":null,"flags":0,"components":[],"id":"1293151171900473414","channel_id":"1292849138425270284","author":{"id":"1292847853449777208","username":"miguistar_58253","avatar":null,"discriminator":"0","public_flags":0,"flags":0,"banner":null,"accent_color":null,"global_name":"Miguel","avatar_decoration_data":null,"banner_color":null,"clan":null},"pinned":false,"mention_everyone":false,"tts":false},{"type":0,"content":"Yeah, that was really weird, especially his weird meetings with the eyepatch guy\u2026 he scared the shit out of me, not gonna lie.","mentions":[],"mention_roles":[],"attachments":[],"embeds":[],"timestamp":"2024-10-08T09:59:17.894000+00:00","edited_timestamp":null,"flags":0,"components":[],"id":"1293150722799571025","channel_id":"1292849138425270284","author":{"id":"1292595568664641617","username":"diogo_caseiro_226","avatar":null,"discriminator":"0","public_flags":0,"flags":0,"banner":null,"accent_color":null,"global_name":"Diogo Caseiro","avatar_decoration_data":null,"banner_color":null,"clan":null},"pinned":false,"mention_everyone":false,"tts":false},{"type":0,"content":"And now he\u2019s involved in this\u2026","mentions":[],"mention_roles":[],"attachments":[],"embeds":[],"timestamp":"2024-10-08T09:58:59.948000+00:00","edited_timestamp":null,"flags":0,"components":[],"id":"1293150647528591433","channel_id":"1292849138425270284","author":{"id":"1292847853449777208","username":"miguistar_58253","avatar":null,"discriminator":"0","public_flags":0,"flags":0,"banner":null,"accent_color":null,"global_name":"Miguel","avatar_decoration_data":null,"banner_color":null,"clan":null},"pinned":false,"mention_everyone":false,"tts":false},{"type":0,"content":"Remember when I caught him in a weird empty lot in Avenida de Ceuta? And then that whole weird situation with the Millenium Tower happened?","mentions":[],"mention_roles":[],"attachments":[],"embeds":[],"timestamp":"2024-10-08T09:58:51.542000+00:00","edited_timestamp":null,"flags":0,"components":[],"id":"1293150612271267890","channel_id":"1292849138425270284","author":{"id":"1292847853449777208","username":"miguistar_58253","avatar":null,"discriminator":"0","public_flags":0,"flags":0,"banner":null,"accent_color":null,"global_name":"Miguel","avatar_decoration_data":null,"banner_color":null,"clan":null},"pinned":false,"mention_everyone":false,"tts":false},{"type":0,"content":"He was always up to something shady\u2026","mentions":[],"mention_roles":[],"attachments":[],"embeds":[],"timestamp":"2024-10-08T09:58:41.162000+00:00","edited_timestamp":null,"flags":0,"components":[],"id":"1293150568734523444","channel_id":"1292849138425270284","author":{"id":"1292847853449777208","username":"miguistar_58253","avatar":null,"discriminator":"0","public_flags":0,"flags":0,"banner":null,"accent_color":null,"global_name":"Miguel","avatar_decoration_data":null,"banner_color":null,"clan":null},"pinned":false,"mention_everyone":false,"tts":false},{"type":0,"content":"Look man, you know I never liked Virgolino.","mentions":[],"mention_roles":[],"attachments":[],"embeds":[],"timestamp":"2024-10-08T09:58:32.306000+00:00","edited_timestamp":null,"flags":0,"components":[],"id":"1293150531589636139","channel_id":"1292849138425270284","author":{"id":"1292847853449777208","username":"miguistar_58253","avatar":null,"discriminator":"0","public_flags":0,"flags":0,"banner":null,"accent_color":null,"global_name":"Miguel","avatar_decoration_data":null,"banner_color":null,"clan":null},"pinned":false,"mention_everyone":false,"tts":false},{"type":0,"content":"I just can\u2019t shake that feeling that something\u2019s wrong with the satellite.","mentions":[],"mention_roles":[],"attachments":[],"embeds":[],"timestamp":"2024-10-08T09:53:24.262000+00:00","edited_timestamp":null,"flags":0,"components":[],"id":"1293149239559323659","channel_id":"1292849138425270284","author":{"id":"1292847853449777208","username":"miguistar_58253","avatar":null,"discriminator":"0","public_flags":0,"flags":0,"banner":null,"accent_color":null,"global_name":"Miguel","avatar_decoration_data":null,"banner_color":null,"clan":null},"pinned":false,"mention_everyone":false,"tts":false},{"type":0,"content":"Get out of here.","mentions":[],"mention_roles":[],"attachments":[],"embeds":[],"timestamp":"2024-10-08T09:53:15.500000+00:00","edited_timestamp":null,"flags":0,"components":[],"id":"1293149202809098260","channel_id":"1292849138425270284","author":{"id":"1292595568664641617","username":"diogo_caseiro_226","avatar":null,"discriminator":"0","public_flags":0,"flags":0,"banner":null,"accent_color":null,"global_name":"Diogo Caseiro","avatar_decoration_data":null,"banner_color":null,"clan":null},"pinned":false,"mention_everyone":false,"tts":false},{"type":0,"content":"What's next? Getting a girlfriend via mind control?","mentions":[],"mention_roles":[],"attachments":[],"embeds":[],"timestamp":"2024-10-08T09:53:13.931000+00:00","edited_timestamp":null,"flags":0,"components":[],"id":"1293149196228235376","channel_id":"1292849138425270284","author":{"id":"1292595568664641617","username":"diogo_caseiro_226","avatar":null,"discriminator":"0","public_flags":0,"flags":0,"banner":null,"accent_color":null,"global_name":"Diogo Caseiro","avatar_decoration_data":null,"banner_color":null,"clan":null},"pinned":false,"mention_everyone":false,"tts":false},{"type":0,"content":"Anyways, you think people are being mind controlled to go eat at Pombalino?","mentions":[],"mention_roles":[],"attachments":[],"embeds":[],"timestamp":"2024-10-08T09:52:55.344000+00:00","edited_timestamp":null,"flags":0,"components":[],"id":"1293149118268444734","channel_id":"1292849138425270284","author":{"id":"1292595568664641617","username":"diogo_caseiro_226","avatar":null,"discriminator":"0","public_flags":0,"flags":0,"banner":null,"accent_color":null,"global_name":"Diogo Caseiro","avatar_decoration_data":null,"banner_color":null,"clan":null},"pinned":false,"mention_everyone":false,"tts":false},{"type":0,"content":"Yea, yea! Sorry\u2026","mentions":[],"mention_roles":[],"attachments":[],"embeds":[],"timestamp":"2024-10-08T09:52:43.682000+00:00","edited_timestamp":null,"flags":0,"components":[],"id":"1293149069354729575","channel_id":"1292849138425270284","author":{"id":"1292595568664641617","username":"diogo_caseiro_226","avatar":null,"discriminator":"0","public_flags":0,"flags":0,"banner":null,"accent_color":null,"global_name":"Diogo Caseiro","avatar_decoration_data":null,"banner_color":null,"clan":null},"pinned":false,"mention_everyone":false,"tts":false},{"type":0,"content":"Stay on topic man!","mentions":[],"mention_roles":[],"attachments":[],"embeds":[],"timestamp":"2024-10-08T09:52:36.199000+00:00","edited_timestamp":null,"flags":0,"components":[],"id":"1293149037968625736","channel_id":"1292849138425270284","author":{"id":"1292847853449777208","username":"miguistar_58253","avatar":null,"discriminator":"0","public_flags":0,"flags":0,"banner":null,"accent_color":null,"global_name":"Miguel","avatar_decoration_data":null,"banner_color":null,"clan":null},"pinned":false,"mention_everyone":false,"tts":false},{"type":0,"content":"Our boss even hired a lot of new people. (there\u2019s this really beautiful girl now too, oh man\u2026).","mentions":[],"mention_roles":[],"attachments":[],"embeds":[],"timestamp":"2024-10-08T09:52:27.161000+00:00","edited_timestamp":null,"flags":0,"components":[],"id":"1293149000060375122","channel_id":"1292849138425270284","author":{"id":"1292595568664641617","username":"diogo_caseiro_226","avatar":null,"discriminator":"0","public_flags":0,"flags":0,"banner":null,"accent_color":null,"global_name":"Diogo Caseiro","avatar_decoration_data":null,"banner_color":null,"clan":null},"pinned":false,"mention_everyone":false,"tts":false},{"type":0,"content":"Well, funny you mention that! Pombalino has been getting a lot more people than usual recently.","mentions":[],"mention_roles":[],"attachments":[],"embeds":[],"timestamp":"2024-10-08T09:52:16.953000+00:00","edited_timestamp":null,"flags":0,"components":[],"id":"1293148957245181982","channel_id":"1292849138425270284","author":{"id":"1292595568664641617","username":"diogo_caseiro_226","avatar":null,"discriminator":"0","public_flags":0,"flags":0,"banner":null,"accent_color":null,"global_name":"Diogo Caseiro","avatar_decoration_data":null,"banner_color":null,"clan":null},"pinned":false,"mention_everyone":false,"tts":false},{"type":0,"content":"I looked at them and they seemed terrified, as if I had overheard the most important thing ever, which made me very suspicious\u2026 It\u2019s probably nothing though, who would do such a thing?","mentions":[],"mention_roles":[],"attachments":[],"embeds":[],"timestamp":"2024-10-08T09:51:59.927000+00:00","edited_timestamp":null,"flags":0,"components":[],"id":"1293148885832695878","channel_id":"1292849138425270284","author":{"id":"1292847853449777208","username":"miguistar_58253","avatar":null,"discriminator":"0","public_flags":0,"flags":0,"banner":null,"accent_color":null,"global_name":"Miguel","avatar_decoration_data":null,"banner_color":null,"clan":null},"pinned":false,"mention_everyone":false,"tts":false},{"type":0,"content":"I thought it would be nothing, but then I let out a sneeze.","mentions":[],"mention_roles":[],"attachments":[],"embeds":[],"timestamp":"2024-10-08T09:51:46.829000+00:00","edited_timestamp":null,"flags":0,"components":[],"id":"1293148830895968277","channel_id":"1292849138425270284","author":{"id":"1292847853449777208","username":"miguistar_58253","avatar":null,"discriminator":"0","public_flags":0,"flags":0,"banner":null,"accent_color":null,"global_name":"Miguel","avatar_decoration_data":null,"banner_color":null,"clan":null},"pinned":false,"mention_everyone":false,"tts":false},{"type":0,"content":"Well, one time I stayed at work a little bit late, doing some last minute stuff, and I heard Virgolino (you might know about him, he\u2019s that kinda weird dude) and Rafael Calhau talking about some mind control stuff and restaurants in Oeiras.","mentions":[],"mention_roles":[],"attachments":[],"embeds":[],"timestamp":"2024-10-08T09:51:36.639000+00:00","edited_timestamp":null,"flags":0,"components":[],"id":"1293148788155744288","channel_id":"1292849138425270284","author":{"id":"1292847853449777208","username":"miguistar_58253","avatar":null,"discriminator":"0","public_flags":0,"flags":0,"banner":null,"accent_color":null,"global_name":"Miguel","avatar_decoration_data":null,"banner_color":null,"clan":null},"pinned":false,"mention_everyone":false,"tts":false},{"type":0,"content":"Erm\u2026 what the sigma? What do you mean?","mentions":[],"mention_roles":[],"attachments":[],"embeds":[],"timestamp":"2024-10-08T09:51:18.576000+00:00","edited_timestamp":null,"flags":0,"components":[],"id":"1293148712394162208","channel_id":"1292849138425270284","author":{"id":"1292595568664641617","username":"diogo_caseiro_226","avatar":null,"discriminator":"0","public_flags":0,"flags":0,"banner":null,"accent_color":null,"global_name":"Diogo Caseiro","avatar_decoration_data":null,"banner_color":null,"clan":null},"pinned":false,"mention_everyone":false,"tts":false},{"type":0,"content":"Well, about that, something\u2019s been very sus lately\u2026","mentions":[],"mention_roles":[],"attachments":[],"embeds":[],"timestamp":"2024-10-08T09:51:13.165000+00:00","edited_timestamp":null,"flags":0,"components":[],"id":"1293148689698783274","channel_id":"1292849138425270284","author":{"id":"1292847853449777208","username":"miguistar_58253","avatar":null,"discriminator":"0","public_flags":0,"flags":0,"banner":null,"accent_color":null,"global_name":"Miguel","avatar_decoration_data":null,"banner_color":null,"clan":null},"pinned":false,"mention_everyone":false,"tts":false},{"type":0,"content":"How\u2019s the satellite project going? You guys made big moves with the launch, mad props!","mentions":[],"mention_roles":[],"attachments":[],"embeds":[],"timestamp":"2024-10-08T09:50:59.866000+00:00","edited_timestamp":null,"flags":0,"components":[],"id":"1293148633918865459","channel_id":"1292849138425270284","author":{"id":"1292595568664641617","username":"diogo_caseiro_226","avatar":null,"discriminator":"0","public_flags":0,"flags":0,"banner":null,"accent_color":null,"global_name":"Diogo Caseiro","avatar_decoration_data":null,"banner_color":null,"clan":null},"pinned":false,"mention_everyone":false,"tts":false},{"type":0,"content":"Damn\u2026 didn\u2019t know bro had that dawg in him\u2026","mentions":[],"mention_roles":[],"attachments":[],"embeds":[],"timestamp":"2024-10-08T09:50:46.557000+00:00","edited_timestamp":null,"flags":0,"components":[],"id":"1293148578096877569","channel_id":"1292849138425270284","author":{"id":"1292595568664641617","username":"diogo_caseiro_226","avatar":null,"discriminator":"0","public_flags":0,"flags":0,"banner":null,"accent_color":null,"global_name":"Diogo Caseiro","avatar_decoration_data":null,"banner_color":null,"clan":null},"pinned":false,"mention_everyone":false,"tts":false},{"type":0,"content":"He joined STT recently and he is becoming one of the best hackers there. He also told me that he has a crush on a girl from there, he calls her Kiti tho\u2026 not sure if she\u2019s Portuguese.","mentions":[],"mention_roles":[],"attachments":[],"embeds":[],"timestamp":"2024-10-08T09:50:34.251000+00:00","edited_timestamp":null,"flags":0,"components":[],"id":"1293148526481637396","channel_id":"1292849138425270284","author":{"id":"1292847853449777208","username":"miguistar_58253","avatar":null,"discriminator":"0","public_flags":0,"flags":0,"banner":null,"accent_color":null,"global_name":"Miguel","avatar_decoration_data":null,"banner_color":null,"clan":null},"pinned":false,"mention_everyone":false,"tts":false},{"type":0,"content":"He\u2019s doing good!","mentions":[],"mention_roles":[],"attachments":[],"embeds":[],"timestamp":"2024-10-08T09:50:20.654000+00:00","edited_timestamp":null,"flags":0,"components":[],"id":"1293148469451685982","channel_id":"1292849138425270284","author":{"id":"1292847853449777208","username":"miguistar_58253","avatar":null,"discriminator":"0","public_flags":0,"flags":0,"banner":null,"accent_color":null,"global_name":"Miguel","avatar_decoration_data":null,"banner_color":null,"clan":null},"pinned":false,"mention_everyone":false,"tts":false},{"type":0,"content":"Btw, have you heard of Jo\u00e3o Musk? Don\u2019t know how well he is doing lately, haven\u2019t heard of him in a while.","mentions":[],"mention_roles":[],"attachments":[],"embeds":[],"timestamp":"2024-10-08T09:50:03.329000+00:00","edited_timestamp":null,"flags":0,"components":[],"id":"1293148396785500223","channel_id":"1292849138425270284","author":{"id":"1292595568664641617","username":"diogo_caseiro_226","avatar":null,"discriminator":"0","public_flags":0,"flags":0,"banner":null,"accent_color":null,"global_name":"Diogo Caseiro","avatar_decoration_data":null,"banner_color":null,"clan":null},"pinned":false,"mention_everyone":false,"tts":false},{"type":0,"content":"Right on my brother! My new single should be out soonish!","mentions":[],"mention_roles":[],"attachments":[],"embeds":[],"timestamp":"2024-10-08T09:49:47.952000+00:00","edited_timestamp":null,"flags":0,"components":[],"id":"1293148332289556481","channel_id":"1292849138425270284","author":{"id":"1292595568664641617","username":"diogo_caseiro_226","avatar":null,"discriminator":"0","public_flags":0,"flags":0,"banner":null,"accent_color":null,"global_name":"Diogo Caseiro","avatar_decoration_data":null,"banner_color":null,"clan":null},"pinned":false,"mention_everyone":false,"tts":false},{"type":0,"content":"Good luck with the rap career man, and I hope your colleagues step on up to the plate!","mentions":[],"mention_roles":[],"attachments":[],"embeds":[],"timestamp":"2024-10-08T09:49:36.744000+00:00","edited_timestamp":null,"flags":0,"components":[],"id":"1293148285279797278","channel_id":"1292849138425270284","author":{"id":"1292847853449777208","username":"miguistar_58253","avatar":null,"discriminator":"0","public_flags":0,"flags":0,"banner":null,"accent_color":null,"global_name":"Miguel","avatar_decoration_data":null,"banner_color":null,"clan":null},"pinned":false,"mention_everyone":false,"tts":false},{"type":0,"content":"Thanks for the help btw! But I don\u2019t think I\u2019ll need it, my group colleagues haven\u2019t been doing much, just hoping they work on it.","mentions":[],"mention_roles":[],"attachments":[],"embeds":[],"timestamp":"2024-10-08T09:49:11.584000+00:00","edited_timestamp":null,"flags":0,"components":[],"id":"1293148179751108688","channel_id":"1292849138425270284","author":{"id":"1292595568664641617","username":"diogo_caseiro_226","avatar":null,"discriminator":"0","public_flags":0,"flags":0,"banner":null,"accent_color":null,"global_name":"Diogo Caseiro","avatar_decoration_data":null,"banner_color":null,"clan":null},"pinned":false,"mention_everyone":false,"tts":false},{"type":0,"content":"I need to make some money on the side so I can get my Soundcloud rapper career going.","mentions":[],"mention_roles":[],"attachments":[],"embeds":[],"timestamp":"2024-10-08T09:48:49.644000+00:00","edited_timestamp":null,"flags":0,"components":[],"id":"1293148087728082985","channel_id":"1292849138425270284","author":{"id":"1292595568664641617","username":"diogo_caseiro_226","avatar":null,"discriminator":"0","public_flags":0,"flags":0,"banner":null,"accent_color":null,"global_name":"Diogo Caseiro","avatar_decoration_data":null,"banner_color":null,"clan":null},"pinned":false,"mention_everyone":false,"tts":false},{"type":0,"content":"I\u2019m working at a restaurant in Oeiras, next to my house, it\u2019s called O Pombalino.","mentions":[],"mention_roles":[],"attachments":[],"embeds":[],"timestamp":"2024-10-08T09:48:38.317000+00:00","edited_timestamp":null,"flags":0,"components":[],"id":"1293148040219197450","channel_id":"1292849138425270284","author":{"id":"1292595568664641617","username":"diogo_caseiro_226","avatar":null,"discriminator":"0","public_flags":0,"flags":0,"banner":null,"accent_color":null,"global_name":"Diogo Caseiro","avatar_decoration_data":null,"banner_color":null,"clan":null},"pinned":false,"mention_everyone":false,"tts":false},{"type":0,"content":"If you\u2019re struggling with the SIRS project I can help you out, it was the best project I ever did in my time at T\u00e9cnico, I would be glad to help you out my brother.","mentions":[],"mention_roles":[],"attachments":[],"embeds":[],"timestamp":"2024-10-08T09:48:18.506000+00:00","edited_timestamp":null,"flags":0,"components":[],"id":"1293147957125976166","channel_id":"1292849138425270284","author":{"id":"1292847853449777208","username":"miguistar_58253","avatar":null,"discriminator":"0","public_flags":0,"flags":0,"banner":null,"accent_color":null,"global_name":"Miguel","avatar_decoration_data":null,"banner_color":null,"clan":null},"pinned":false,"mention_everyone":false,"tts":false},{"type":19,"content":"I didn\u2019t know you had a part time job, where are you working?","mentions":[{"id":"1292595568664641617","username":"diogo_caseiro_226","avatar":null,"discriminator":"0","public_flags":0,"flags":0,"banner":null,"accent_color":null,"global_name":"Diogo Caseiro","avatar_decoration_data":null,"banner_color":null,"clan":null}],"mention_roles":[],"attachments":[],"embeds":[],"timestamp":"2024-10-08T09:48:05.724000+00:00","edited_timestamp":null,"flags":0,"components":[],"id":"1293147903514247168","channel_id":"1292849138425270284","author":{"id":"1292847853449777208","username":"miguistar_58253","avatar":null,"discriminator":"0","public_flags":0,"flags":0,"banner":null,"accent_color":null,"global_name":"Miguel","avatar_decoration_data":null,"banner_color":null,"clan":null},"pinned":false,"mention_everyone":false,"tts":false,"message_reference":{"type":0,"channel_id":"1292849138425270284","message_id":"1293147766947713025"},"position":0,"referenced_message":{"type":0,"content":"I\u2019ve been a little busy lately with work in the restaurant and the SIRS project isn\u2019t helping.","mentions":[],"mention_roles":[],"attachments":[],"embeds":[],"timestamp":"2024-10-08T09:47:33.164000+00:00","edited_timestamp":null,"flags":0,"components":[],"id":"1293147766947713025","channel_id":"1292849138425270284","author":{"id":"1292595568664641617","username":"diogo_caseiro_226","avatar":null,"discriminator":"0","public_flags":0,"flags":0,"banner":null,"accent_color":null,"global_name":"Diogo Caseiro","avatar_decoration_data":null,"banner_color":null,"clan":null},"pinned":false,"mention_everyone":false,"tts":false}},{"type":19,"content":"Yeah man, all good here!","mentions":[{"id":"1292595568664641617","username":"diogo_caseiro_226","avatar":null,"discriminator":"0","public_flags":0,"flags":0,"banner":null,"accent_color":null,"global_name":"Diogo Caseiro","avatar_decoration_data":null,"banner_color":null,"clan":null}],"mention_roles":[],"attachments":[],"embeds":[],"timestamp":"2024-10-08T09:47:53.569000+00:00","edited_timestamp":null,"flags":0,"components":[],"id":"1293147852532351037","channel_id":"1292849138425270284","author":{"id":"1292847853449777208","username":"miguistar_58253","avatar":null,"discriminator":"0","public_flags":0,"flags":0,"banner":null,"accent_color":null,"global_name":"Miguel","avatar_decoration_data":null,"banner_color":null,"clan":null},"pinned":false,"mention_everyone":false,"tts":false,"message_reference":{"type":0,"channel_id":"1292849138425270284","message_id":"1293147723414896660"},"position":0,"referenced_message":{"type":0,"content":"Sup Miguel! Are you doing well?","mentions":[],"mention_roles":[],"attachments":[],"embeds":[],"timestamp":"2024-10-08T09:47:22.785000+00:00","edited_timestamp":null,"flags":0,"components":[],"id":"1293147723414896660","channel_id":"1292849138425270284","author":{"id":"1292595568664641617","username":"diogo_caseiro_226","avatar":null,"discriminator":"0","public_flags":0,"flags":0,"banner":null,"accent_color":null,"global_name":"Diogo Caseiro","avatar_decoration_data":null,"banner_color":null,"clan":null},"pinned":false,"mention_everyone":false,"tts":false}},{"type":0,"content":"I\u2019ve been a little busy lately with work in the restaurant and the SIRS project isn\u2019t helping.","mentions":[],"mention_roles":[],"attachments":[],"embeds":[],"timestamp":"2024-10-08T09:47:33.164000+00:00","edited_timestamp":null,"flags":0,"components":[],"id":"1293147766947713025","channel_id":"1292849138425270284","author":{"id":"1292595568664641617","username":"diogo_caseiro_226","avatar":null,"discriminator":"0","public_flags":0,"flags":0,"banner":null,"accent_color":null,"global_name":"Diogo Caseiro","avatar_decoration_data":null,"banner_color":null,"clan":null},"pinned":false,"mention_everyone":false,"tts":false},{"type":0,"content":"Sup Miguel! Are you doing well?","mentions":[],"mention_roles":[],"attachments":[],"embeds":[],"timestamp":"2024-10-08T09:47:22.785000+00:00","edited_timestamp":null,"flags":0,"components":[],"id":"1293147723414896660","channel_id":"1292849138425270284","author":{"id":"1292595568664641617","username":"diogo_caseiro_226","avatar":null,"discriminator":"0","public_flags":0,"flags":0,"banner":null,"accent_color":null,"global_name":"Diogo Caseiro","avatar_decoration_data":null,"banner_color":null,"clan":null},"pinned":false,"mention_everyone":false,"tts":false},{"type":0,"content":"Hey Diogo, wanna hang out soon?","mentions":[],"mention_roles":[],"attachments":[],"embeds":[],"timestamp":"2024-10-08T09:46:59.421000+00:00","edited_timestamp":null,"flags":0,"components":[],"id":"1293147625419309139","channel_id":"1292849138425270284","author":{"id":"1292847853449777208","username":"miguistar_58253","avatar":null,"discriminator":"0","public_flags":0,"flags":0,"banner":null,"accent_color":null,"global_name":"Miguel","avatar_decoration_data":null,"banner_color":null,"clan":null},"pinned":false,"mention_everyone":false,"tts":false}]
